{
  "category": "text",
  "summary": " 2 person(s)",
  "content": {
    "person": {
      "person": [
        {
          "id": 0,
          "bbox": [
            281.326904296875,
            406.7052917480469,
            322.3555908203125,
            447.9742126464844
          ],
          "score": 0.762
        },
        {
          "id": 1,
          "bbox": [
            208.6082000732422,
            407.65496826171875,
            250.9858856201172,
            453.57391357421875
          ],
          "score": 0.627
        }
      ]
    }
  }
}